{
  "metadata": {
    "schemaVersion": "1.0",
    "importType": "LEX",
    "importFormat": "JSON"
  },
  "resource": {
    "name": "theriskLevel",
    "version": "4",
    "enumerationValues": [
      {
        "value": "high",
        "synonyms": [
          "High"
        ]
      },
      {
        "value": "low",
        "synonyms": [
          "Low"
        ]
      },
      {
        "value": "very high",
        "synonyms": [
          "Very High"
        ]
      },
      {
        "value": "very low",
        "synonyms": [
          "Very Low"
        ]
      },
      {
        "value": "medium",
        "synonyms": [
          "Medium"
        ]
      },
      {
        "value": "none",
        "synonyms": [
          "None"
        ]
      }
    ],
    "valueSelectionStrategy": "TOP_RESOLUTION"
  }
}